{"cameraMode":{"drawMode":0,"name":"Shaded","section":"Shading Mode"},"sceneLighting":false,"audioPlay":false,"sceneViewState":{"m_AlwaysRefresh":false,"showFog":true,"showSkybox":false,"showFlares":true,"showImageEffects":true,"showParticleSystems":true,"showVisualEffectGraphs":true,"m_FxEnabled":true},"in2DMode":false,"pivot":{"x":0.041436295956373218,"y":0.5080634355545044,"z":-0.42861297726631167},"rotation":{"x":-0.020926080644130708,"y":0.18842047452926637,"z":-0.004015653859823942,"w":-0.9818563461303711},"size":0.5066840052604675,"orthographic":false}