{"cameraMode":{"drawMode":0,"name":"Shaded","section":"Shading Mode"},"sceneLighting":false,"audioPlay":false,"sceneViewState":{"m_AlwaysRefresh":false,"showFog":true,"showSkybox":false,"showFlares":true,"showImageEffects":true,"showParticleSystems":true,"showVisualEffectGraphs":true,"m_FxEnabled":true},"in2DMode":false,"pivot":{"x":-0.001064300537109375,"y":0.5225213170051575,"z":-3.284034252166748},"rotation":{"x":0.013287991285324097,"y":0.9236534237861633,"z":-0.03216571733355522,"w":0.38161909580230715},"size":0.8660253882408142,"orthographic":false}