{"cameraMode":{"drawMode":0,"name":"Shaded","section":"Shading Mode"},"sceneLighting":false,"audioPlay":false,"sceneViewState":{"m_AlwaysRefresh":false,"showFog":true,"showSkybox":false,"showFlares":true,"showImageEffects":true,"showParticleSystems":true,"showVisualEffectGraphs":true,"m_FxEnabled":true},"in2DMode":false,"pivot":{"x":-0.5635826587677002,"y":0.5583031177520752,"z":-2.7804081439971926},"rotation":{"x":0.01187953632324934,"y":0.933667004108429,"z":-0.03111269325017929,"w":0.3565630316734314},"size":0.5570715665817261,"orthographic":false}