{"cameraMode":{"drawMode":0,"name":"Shaded","section":"Shading Mode"},"sceneLighting":false,"audioPlay":false,"sceneViewState":{"m_AlwaysRefresh":false,"showFog":true,"showSkybox":false,"showFlares":true,"showImageEffects":true,"showParticleSystems":true,"showVisualEffectGraphs":true,"m_FxEnabled":true},"in2DMode":false,"pivot":{"x":0.0000011920928955078126,"y":1.0587233304977418,"z":0.21085011959075929},"rotation":{"x":-0.21528646349906922,"y":0.5957406163215637,"z":-0.16989557445049287,"w":-0.754902184009552},"size":1.7128242254257203,"orthographic":false}