{"cameraMode":{"drawMode":0,"name":"Shaded","section":"Shading Mode"},"sceneLighting":false,"audioPlay":false,"sceneViewState":{"m_AlwaysRefresh":false,"showFog":false,"showSkybox":false,"showFlares":false,"showImageEffects":false,"showParticleSystems":false,"showVisualEffectGraphs":true,"m_FxEnabled":true},"in2DMode":false,"pivot":{"x":0.18065926432609559,"y":0.8145439624786377,"z":0.1976693868637085},"rotation":{"x":-0.23138852417469026,"y":0.5951324701309204,"z":-0.18429578840732575,"w":-0.7471911311149597},"size":1.6534068584442139,"orthographic":false}