{"cameraMode":{"drawMode":0,"name":"Shaded","section":"Shading Mode"},"sceneLighting":false,"audioPlay":false,"sceneViewState":{"m_AlwaysRefresh":false,"showFog":true,"showSkybox":false,"showFlares":true,"showImageEffects":true,"showParticleSystems":true,"showVisualEffectGraphs":true,"m_FxEnabled":true},"in2DMode":false,"pivot":{"x":1.1920928955078126e-7,"y":0.9327114224433899,"z":0.029656291007995607},"rotation":{"x":-0.21528646349906922,"y":0.5957406163215637,"z":-0.16989557445049287,"w":-0.754902184009552},"size":1.5163995027542115,"orthographic":false}