{"cameraMode":{"drawMode":0,"name":"Shaded","section":"Shading Mode"},"sceneLighting":false,"audioPlay":false,"sceneViewState":{"m_AlwaysRefresh":false,"showFog":true,"showSkybox":false,"showFlares":true,"showImageEffects":true,"showParticleSystems":true,"showVisualEffectGraphs":true,"m_FxEnabled":true},"in2DMode":false,"pivot":{"x":-0.6662206649780273,"y":0.33690202236175539,"z":-5.059542179107666},"rotation":{"x":-0.0019421199103817344,"y":-0.951427698135376,"z":0.006002961657941341,"w":-0.3078071177005768},"size":0.3307608664035797,"orthographic":false}