{"cameraMode":{"drawMode":0,"name":"Shaded","section":"Shading Mode"},"sceneLighting":false,"audioPlay":false,"sceneViewState":{"m_AlwaysRefresh":false,"showFog":true,"showSkybox":false,"showFlares":true,"showImageEffects":true,"showParticleSystems":true,"showVisualEffectGraphs":true,"m_FxEnabled":true},"in2DMode":false,"pivot":{"x":-0.0011675208806991578,"y":0.3391377925872803,"z":-0.007230699062347412},"rotation":{"x":-0.06554032862186432,"y":0.718349277973175,"z":-0.06831094622612,"w":-0.6892093420028687},"size":0.564996063709259,"orthographic":false}