{"cameraMode":{"drawMode":0,"name":"Shaded","section":"Shading Mode"},"sceneLighting":false,"audioPlay":false,"sceneViewState":{"m_AlwaysRefresh":false,"showFog":true,"showSkybox":false,"showFlares":true,"showImageEffects":true,"showParticleSystems":true,"showVisualEffectGraphs":true,"m_FxEnabled":true},"in2DMode":false,"pivot":{"x":-0.1679348349571228,"y":0.43774494528770449,"z":-0.41438573598861697},"rotation":{"x":-0.053401585668325427,"y":0.28846797347068789,"z":-0.016115890815854074,"w":-0.9558603763580322},"size":0.511500895023346,"orthographic":false}