{"cameraMode":{"drawMode":0,"name":"Shaded","section":"Shading Mode"},"sceneLighting":false,"audioPlay":false,"sceneViewState":{"m_AlwaysRefresh":false,"showFog":true,"showSkybox":false,"showFlares":true,"showImageEffects":true,"showParticleSystems":true,"showVisualEffectGraphs":true,"m_FxEnabled":true},"in2DMode":false,"pivot":{"x":-0.550159215927124,"y":0.6004021167755127,"z":-3.0367202758789064},"rotation":{"x":-0.00877440720796585,"y":0.9627665281295776,"z":0.03148471936583519,"w":0.26832252740859988},"size":0.5543237924575806,"orthographic":false}